"Date","sulfate","nitrate","ID"
"2008-01-01",NA,NA,151
"2008-01-02",NA,NA,151
"2008-01-03",NA,NA,151
"2008-01-04",NA,NA,151
"2008-01-05",NA,NA,151
"2008-01-06",NA,NA,151
"2008-01-07",NA,NA,151
"2008-01-08",NA,NA,151
"2008-01-09",NA,NA,151
"2008-01-10",NA,NA,151
"2008-01-11",NA,NA,151
"2008-01-12",NA,NA,151
"2008-01-13",NA,NA,151
"2008-01-14",NA,NA,151
"2008-01-15",NA,NA,151
"2008-01-16",NA,NA,151
"2008-01-17",NA,NA,151
"2008-01-18",NA,NA,151
"2008-01-19",NA,NA,151
"2008-01-20",NA,NA,151
"2008-01-21",NA,NA,151
"2008-01-22",NA,NA,151
"2008-01-23",NA,NA,151
"2008-01-24",NA,NA,151
"2008-01-25",NA,NA,151
"2008-01-26",NA,NA,151
"2008-01-27",NA,NA,151
"2008-01-28",NA,NA,151
"2008-01-29",NA,NA,151
"2008-01-30",NA,NA,151
"2008-01-31",NA,NA,151
"2008-02-01",NA,NA,151
"2008-02-02",NA,NA,151
"2008-02-03",NA,NA,151
"2008-02-04",NA,NA,151
"2008-02-05",NA,NA,151
"2008-02-06",NA,NA,151
"2008-02-07",NA,NA,151
"2008-02-08",NA,NA,151
"2008-02-09",NA,NA,151
"2008-02-10",NA,NA,151
"2008-02-11",NA,NA,151
"2008-02-12",NA,NA,151
"2008-02-13",NA,NA,151
"2008-02-14",NA,NA,151
"2008-02-15",NA,NA,151
"2008-02-16",NA,NA,151
"2008-02-17",NA,NA,151
"2008-02-18",NA,NA,151
"2008-02-19",NA,NA,151
"2008-02-20",NA,NA,151
"2008-02-21",NA,NA,151
"2008-02-22",NA,NA,151
"2008-02-23",NA,NA,151
"2008-02-24",NA,NA,151
"2008-02-25",NA,NA,151
"2008-02-26",NA,NA,151
"2008-02-27",NA,NA,151
"2008-02-28",NA,NA,151
"2008-02-29",NA,NA,151
"2008-03-01",NA,NA,151
"2008-03-02",NA,NA,151
"2008-03-03",NA,NA,151
"2008-03-04",1.7,3.93,151
"2008-03-05",NA,NA,151
"2008-03-06",NA,NA,151
"2008-03-07",2.36,5.5,151
"2008-03-08",NA,NA,151
"2008-03-09",NA,NA,151
"2008-03-10",2.98,4.03,151
"2008-03-11",NA,NA,151
"2008-03-12",NA,NA,151
"2008-03-13",0.734,0.56,151
"2008-03-14",NA,NA,151
"2008-03-15",NA,NA,151
"2008-03-16",3.52,5.18,151
"2008-03-17",NA,NA,151
"2008-03-18",NA,NA,151
"2008-03-19",3.92,3.99,151
"2008-03-20",NA,NA,151
"2008-03-21",NA,NA,151
"2008-03-22",3.93,2.23,151
"2008-03-23",NA,NA,151
"2008-03-24",NA,NA,151
"2008-03-25",3,0.706,151
"2008-03-26",NA,NA,151
"2008-03-27",NA,NA,151
"2008-03-28",4.21,1.52,151
"2008-03-29",NA,NA,151
"2008-03-30",NA,NA,151
"2008-03-31",3.03,0.603,151
"2008-04-01",NA,NA,151
"2008-04-02",NA,NA,151
"2008-04-03",2.19,1.99,151
"2008-04-04",NA,NA,151
"2008-04-05",NA,NA,151
"2008-04-06",8.16,1.23,151
"2008-04-07",NA,NA,151
"2008-04-08",NA,NA,151
"2008-04-09",2.93,2.17,151
"2008-04-10",NA,NA,151
"2008-04-11",NA,NA,151
"2008-04-12",NA,NA,151
"2008-04-13",NA,NA,151
"2008-04-14",NA,NA,151
"2008-04-15",3.36,0.61,151
"2008-04-16",NA,NA,151
"2008-04-17",NA,NA,151
"2008-04-18",3.02,0.492,151
"2008-04-19",NA,NA,151
"2008-04-20",NA,NA,151
"2008-04-21",4.88,2.53,151
"2008-04-22",NA,NA,151
"2008-04-23",NA,NA,151
"2008-04-24",5.95,0.869,151
"2008-04-25",NA,NA,151
"2008-04-26",NA,NA,151
"2008-04-27",2.44,1.56,151
"2008-04-28",NA,NA,151
"2008-04-29",NA,NA,151
"2008-04-30",2.88,1.24,151
"2008-05-01",NA,NA,151
"2008-05-02",NA,NA,151
"2008-05-03",1.33,0.205,151
"2008-05-04",NA,NA,151
"2008-05-05",NA,NA,151
"2008-05-06",2.06,0.407,151
"2008-05-07",NA,NA,151
"2008-05-08",NA,NA,151
"2008-05-09",NA,NA,151
"2008-05-10",NA,NA,151
"2008-05-11",NA,NA,151
"2008-05-12",2.26,0.434,151
"2008-05-13",NA,NA,151
"2008-05-14",NA,NA,151
"2008-05-15",2.74,1.99,151
"2008-05-16",NA,NA,151
"2008-05-17",NA,NA,151
"2008-05-18",0.906,0.207,151
"2008-05-19",NA,NA,151
"2008-05-20",NA,NA,151
"2008-05-21",1.21,0.342,151
"2008-05-22",NA,NA,151
"2008-05-23",NA,NA,151
"2008-05-24",3.82,3.21,151
"2008-05-25",NA,NA,151
"2008-05-26",NA,NA,151
"2008-05-27",2.29,0.909,151
"2008-05-28",NA,NA,151
"2008-05-29",NA,NA,151
"2008-05-30",5.16,0.495,151
"2008-05-31",NA,NA,151
"2008-06-01",NA,NA,151
"2008-06-02",2.96,0.298,151
"2008-06-03",NA,NA,151
"2008-06-04",NA,NA,151
"2008-06-05",NA,NA,151
"2008-06-06",NA,NA,151
"2008-06-07",NA,NA,151
"2008-06-08",1.81,0.273,151
"2008-06-09",NA,NA,151
"2008-06-10",NA,NA,151
"2008-06-11",1.99,0.322,151
"2008-06-12",NA,NA,151
"2008-06-13",NA,NA,151
"2008-06-14",NA,NA,151
"2008-06-15",NA,NA,151
"2008-06-16",NA,NA,151
"2008-06-17",NA,NA,151
"2008-06-18",NA,NA,151
"2008-06-19",NA,NA,151
"2008-06-20",4.14,0.439,151
"2008-06-21",NA,NA,151
"2008-06-22",NA,NA,151
"2008-06-23",1.65,0.247,151
"2008-06-24",NA,NA,151
"2008-06-25",NA,NA,151
"2008-06-26",1.5,0.162,151
"2008-06-27",NA,NA,151
"2008-06-28",1.55,0.18,151
"2008-06-29",NA,NA,151
"2008-06-30",NA,NA,151
"2008-07-01",NA,NA,151
"2008-07-02",2.4,0.247,151
"2008-07-03",NA,NA,151
"2008-07-04",NA,NA,151
"2008-07-05",11.5,3.05,151
"2008-07-06",NA,NA,151
"2008-07-07",NA,NA,151
"2008-07-08",1.89,0.35,151
"2008-07-09",NA,NA,151
"2008-07-10",NA,NA,151
"2008-07-11",NA,0.195,151
"2008-07-12",NA,NA,151
"2008-07-13",NA,NA,151
"2008-07-14",1.69,0.167,151
"2008-07-15",NA,NA,151
"2008-07-16",NA,NA,151
"2008-07-17",7.47,0.332,151
"2008-07-18",NA,NA,151
"2008-07-19",NA,NA,151
"2008-07-20",NA,0.166,151
"2008-07-21",NA,NA,151
"2008-07-22",NA,NA,151
"2008-07-23",2.53,0.451,151
"2008-07-24",NA,NA,151
"2008-07-25",NA,NA,151
"2008-07-26",3.53,0.453,151
"2008-07-27",NA,NA,151
"2008-07-28",NA,NA,151
"2008-07-29",NA,NA,151
"2008-07-30",NA,NA,151
"2008-07-31",NA,NA,151
"2008-08-01",6.18,0.223,151
"2008-08-02",NA,NA,151
"2008-08-03",NA,NA,151
"2008-08-04",7.76,0.406,151
"2008-08-05",NA,NA,151
"2008-08-06",NA,NA,151
"2008-08-07",NA,NA,151
"2008-08-08",NA,NA,151
"2008-08-09",NA,NA,151
"2008-08-10",5.28,0.335,151
"2008-08-11",NA,NA,151
"2008-08-12",NA,NA,151
"2008-08-13",8.1,0.477,151
"2008-08-14",NA,NA,151
"2008-08-15",NA,NA,151
"2008-08-16",2.63,0.331,151
"2008-08-17",NA,NA,151
"2008-08-18",NA,NA,151
"2008-08-19",8.83,0.471,151
"2008-08-20",NA,NA,151
"2008-08-21",NA,NA,151
"2008-08-22",3.27,0.275,151
"2008-08-23",NA,NA,151
"2008-08-24",NA,NA,151
"2008-08-25",2.95,0.257,151
"2008-08-26",NA,NA,151
"2008-08-27",NA,NA,151
"2008-08-28",8.78,0.356,151
"2008-08-29",NA,NA,151
"2008-08-30",NA,NA,151
"2008-08-31",10.7,0.586,151
"2008-09-01",NA,NA,151
"2008-09-02",NA,NA,151
"2008-09-03",7.18,0.661,151
"2008-09-04",NA,NA,151
"2008-09-05",NA,NA,151
"2008-09-06",3.39,0.624,151
"2008-09-07",NA,NA,151
"2008-09-08",NA,NA,151
"2008-09-09",1.73,0.21,151
"2008-09-10",NA,NA,151
"2008-09-11",NA,NA,151
"2008-09-12",5.2,0.987,151
"2008-09-13",NA,NA,151
"2008-09-14",NA,NA,151
"2008-09-15",0.972,0.076,151
"2008-09-16",NA,NA,151
"2008-09-17",NA,NA,151
"2008-09-18",4.28,0.844,151
"2008-09-19",NA,NA,151
"2008-09-20",NA,NA,151
"2008-09-21",6.02,0.995,151
"2008-09-22",NA,NA,151
"2008-09-23",NA,NA,151
"2008-09-24",9.8,0.833,151
"2008-09-25",NA,NA,151
"2008-09-26",NA,NA,151
"2008-09-27",5.36,0.624,151
"2008-09-28",NA,NA,151
"2008-09-29",NA,NA,151
"2008-09-30",1.63,0.306,151
"2008-10-01",NA,NA,151
"2008-10-02",NA,NA,151
"2008-10-03",1.51,0.328,151
"2008-10-04",NA,NA,151
"2008-10-05",NA,NA,151
"2008-10-06",5.23,0.764,151
"2008-10-07",NA,NA,151
"2008-10-08",NA,NA,151
"2008-10-09",1.86,0.432,151
"2008-10-10",NA,NA,151
"2008-10-11",NA,NA,151
"2008-10-12",NA,NA,151
"2008-10-13",NA,NA,151
"2008-10-14",NA,NA,151
"2008-10-15",2.11,0.762,151
"2008-10-16",NA,NA,151
"2008-10-17",NA,NA,151
"2008-10-18",2.51,2.07,151
"2008-10-19",NA,NA,151
"2008-10-20",NA,NA,151
"2008-10-21",2.12,1.86,151
"2008-10-22",NA,NA,151
"2008-10-23",NA,NA,151
"2008-10-24",NA,NA,151
"2008-10-25",NA,NA,151
"2008-10-26",NA,NA,151
"2008-10-27",0.622,0.152,151
"2008-10-28",NA,NA,151
"2008-10-29",NA,NA,151
"2008-10-30",2.72,0.675,151
"2008-10-31",NA,NA,151
"2008-11-01",NA,NA,151
"2008-11-02",NA,NA,151
"2008-11-03",NA,NA,151
"2008-11-04",NA,NA,151
"2008-11-05",3.71,0.661,151
"2008-11-06",NA,NA,151
"2008-11-07",NA,NA,151
"2008-11-08",2,0.676,151
"2008-11-09",NA,NA,151
"2008-11-10",NA,NA,151
"2008-11-11",2.51,1.69,151
"2008-11-12",NA,NA,151
"2008-11-13",NA,NA,151
"2008-11-14",3.01,0.804,151
"2008-11-15",NA,NA,151
"2008-11-16",NA,NA,151
"2008-11-17",2.01,1.67,151
"2008-11-18",NA,NA,151
"2008-11-19",NA,NA,151
"2008-11-20",2.79,3.48,151
"2008-11-21",NA,NA,151
"2008-11-22",NA,NA,151
"2008-11-23",2.7,4.21,151
"2008-11-24",NA,NA,151
"2008-11-25",NA,NA,151
"2008-11-26",2.1,5.63,151
"2008-11-27",NA,NA,151
"2008-11-28",NA,NA,151
"2008-11-29",0.967,2.58,151
"2008-11-30",NA,NA,151
"2008-12-01",NA,NA,151
"2008-12-02",1.37,1.61,151
"2008-12-03",NA,NA,151
"2008-12-04",NA,NA,151
"2008-12-05",1.28,1.52,151
"2008-12-06",NA,NA,151
"2008-12-07",NA,NA,151
"2008-12-08",1.24,0.941,151
"2008-12-09",NA,NA,151
"2008-12-10",NA,NA,151
"2008-12-11",NA,NA,151
"2008-12-12",NA,NA,151
"2008-12-13",NA,NA,151
"2008-12-14",2.11,0.43,151
"2008-12-15",NA,NA,151
"2008-12-16",NA,NA,151
"2008-12-17",3.12,2,151
"2008-12-18",NA,NA,151
"2008-12-19",NA,NA,151
"2008-12-20",3.73,4.55,151
"2008-12-21",NA,NA,151
"2008-12-22",NA,NA,151
"2008-12-23",1.34,1.51,151
"2008-12-24",NA,NA,151
"2008-12-25",NA,NA,151
"2008-12-26",2.43,1.29,151
"2008-12-27",NA,NA,151
"2008-12-28",NA,NA,151
"2008-12-29",0.663,0.342,151
"2008-12-30",NA,NA,151
"2008-12-31",NA,NA,151
"2009-01-01",NA,NA,151
"2009-01-02",NA,NA,151
"2009-01-03",NA,NA,151
"2009-01-04",NA,NA,151
"2009-01-05",NA,NA,151
"2009-01-06",NA,NA,151
"2009-01-07",NA,NA,151
"2009-01-08",NA,NA,151
"2009-01-09",NA,NA,151
"2009-01-10",3.28,6.42,151
"2009-01-11",NA,NA,151
"2009-01-12",NA,NA,151
"2009-01-13",1.65,2.24,151
"2009-01-14",NA,NA,151
"2009-01-15",NA,NA,151
"2009-01-16",1.14,2.01,151
"2009-01-17",NA,NA,151
"2009-01-18",NA,NA,151
"2009-01-19",2.67,2.32,151
"2009-01-20",NA,NA,151
"2009-01-21",NA,NA,151
"2009-01-22",1.95,2.85,151
"2009-01-23",NA,NA,151
"2009-01-24",NA,NA,151
"2009-01-25",2.09,3.32,151
"2009-01-26",NA,NA,151
"2009-01-27",NA,NA,151
"2009-01-28",2.16,5.36,151
"2009-01-29",NA,NA,151
"2009-01-30",NA,NA,151
"2009-01-31",1.47,3.3,151
"2009-02-01",NA,NA,151
"2009-02-02",NA,NA,151
"2009-02-03",1.12,1.43,151
"2009-02-04",NA,NA,151
"2009-02-05",NA,NA,151
"2009-02-06",2.4,1.27,151
"2009-02-07",NA,NA,151
"2009-02-08",NA,NA,151
"2009-02-09",2.71,5.2,151
"2009-02-10",NA,NA,151
"2009-02-11",NA,NA,151
"2009-02-12",2.15,2.38,151
"2009-02-13",NA,NA,151
"2009-02-14",NA,NA,151
"2009-02-15",2.69,6.59,151
"2009-02-16",NA,NA,151
"2009-02-17",NA,NA,151
"2009-02-18",3.04,3.57,151
"2009-02-19",NA,NA,151
"2009-02-20",NA,NA,151
"2009-02-21",2.55,2,151
"2009-02-22",NA,NA,151
"2009-02-23",NA,NA,151
"2009-02-24",2.4,3.47,151
"2009-02-25",NA,NA,151
"2009-02-26",NA,NA,151
"2009-02-27",4.12,3.7,151
"2009-02-28",NA,NA,151
"2009-03-01",NA,NA,151
"2009-03-02",1.49,2.47,151
"2009-03-03",NA,NA,151
"2009-03-04",NA,NA,151
"2009-03-05",3.75,0.533,151
"2009-03-06",NA,NA,151
"2009-03-07",NA,NA,151
"2009-03-08",2.55,0.58,151
"2009-03-09",NA,NA,151
"2009-03-10",NA,NA,151
"2009-03-11",1.42,0.962,151
"2009-03-12",NA,NA,151
"2009-03-13",NA,NA,151
"2009-03-14",3,5.7,151
"2009-03-15",NA,NA,151
"2009-03-16",NA,NA,151
"2009-03-17",NA,NA,151
"2009-03-18",NA,NA,151
"2009-03-19",NA,NA,151
"2009-03-20",1.25,2.69,151
"2009-03-21",NA,NA,151
"2009-03-22",NA,NA,151
"2009-03-23",2.78,1.14,151
"2009-03-24",NA,NA,151
"2009-03-25",NA,NA,151
"2009-03-26",NA,NA,151
"2009-03-27",NA,NA,151
"2009-03-28",NA,NA,151
"2009-03-29",NA,NA,151
"2009-03-30",NA,NA,151
"2009-03-31",NA,NA,151
"2009-04-01",1.44,0.368,151
"2009-04-02",NA,NA,151
"2009-04-03",NA,NA,151
"2009-04-04",1.88,0.945,151
"2009-04-05",NA,NA,151
"2009-04-06",NA,NA,151
"2009-04-07",1.1,0.819,151
"2009-04-08",NA,NA,151
"2009-04-09",NA,NA,151
"2009-04-10",2.38,2.19,151
"2009-04-11"ݙШ4W\/SYs1ߞyVOXKTEiTIM?%=oozme͵Ӓ3i$C)H[w}`IP;$r,;9DIR
~@61X#.)e׹Fq}:`풟LCspR˸%ßNzDWl_Ƃ<(xWM3O}nlpCBq> fOYWURߴtXRy"ai\;NnsjTN	*YWL]g12Au=}t׫ѡDr&4
,C݃D*- ,q);*l;[K.MaW-=+u(@?"/6ˀ#B&r[cj*Sx*;tZuo5:zgæ-xx"S2Li}:B}t!~>1cy1oavy0ܘEд.p!>xԋna11R^[.='`?l0jդA%F,!ֆK4.} d(4ųgnrQ#5Qt/o׳v6aۙd઩7f|?0ٴ𴤨UPu`X{᲌Ywڊt3ܭW: ;$Gaa$_eJU|bo"%&{jê5Pi8I q<צsSۧgszz_K*&?"DjP`8L4+]0Hqβ/		=6"Yc_o*&N_rbZc)/qS`n^%J8R	#^, >L;`ٻmm&ȥ;ƦqY0ƒ;AEUS͠GOt<iEI357k(v\ B{\Ii#VPkG}-;ro/'A^[~!9eC{\3L.C>8Sy~L4SieXkK1)r.i$d2VNȖ-@t	|{kF9_)~rbgxfJ~=L/K*9Kyˁ+u~]ezj^e$bOpGP~P<:WbAX 	,f/ +Z
7미'C }ZpUCAt 1ﷶ>WV47*giD*	1c΃ΊSfB2zXJbcapc%"41`6O|R
eЕR	sĴym,`qPg9W4\DI|P=;4\z
pR-:)gҬkV=;SWEi/hɐX#c(A]v&Q8H"{U6vdeR;.v,SС6~4&0X@v5ACLq+ҧv@N+cNl4ZlbCn\.u^R;8*$fΏle$KW#B"L[Ԍ۳8B幀[J6A/W|uofN,Y$-{iv2N[yzzDzpnK7\tarQT$K@9f$uAD߃A|A1f=S>}X>`sLz%c@*Q|N\ weemqapVF.;f';'̺Cžk$=Ǟ&/%X{UvMWN%?Nh֌!"j}buzôsPB4q*SI˪P!u"f{%b?A<OfɎ:G{W*-`|ESp,څeJ@GAv69kÕb*Cdx0;\kj:d;pAķq7ADYxpf/W=m`TΕ}uSH]!JLf.vR⾕@"4Z&SIY?;P.!K_͠^s%?%1W&ےBےVP@Y::r^P97+G6+uBzclmb9xU(B7JJM;*$hp5̃
: ȱ?72e.5J
gSVׇgi~k,2.B|+I=H2U*R؊|cWuu7Ysp^/oX㎕XhH"rR(W7$I?%o:{i員'״$|adleCbvxSۻ[(1SvVsYyHf.,rn4~eD
Rh}HUts[t<#rY_@쟾8!͈Ozy]|.L˦F&T@[U:a3'6${Gx
*m?و`ALQO}eQ2f}7#I
B
SDuj<? m/E;4"VSq򣎺<)v(m%'	ɗ07	a=do*䘓ӱ%( YAoӰ%W]/7&Ȇ'snS'dTr7LE,@\B+}rc 0Gf"%<$V:xg8	1N
B.	ˈ	t}"\WKRU8-3xU~0⢭E1Zk_0Ȍ'g9;q8@RMHVZ
E5zKIOAU-<e;}ɲ,Ucqa?e/tb/&fHwmߦM@ L<h\?&Do⌉$/|MWL}9!J$m!U\AsVS2loغYdiC(+ԁ]R]'C5@3drzFi˘hqhK;K'1j3nw1hNIoV^)u@}3Xt`V֐COrOy3mTȾw_ فf0.} +]/EswV0wUurt\i;Ȕ!,谲FB'6#sFTΒʋVioFhx@ )/~?&T!a25υ Ro:&H@<{sA	<.UBĄeqJ_Qsm\y	Y2ɍU:/$xMh]L7QR9[/h$}o6GvZT|1ĬyJg/)HPJtq@.Mm:s5RXus峆n62@Kp֬"h[-BdRPyv N"szB箔ݹY2\O9W{ì27J;$YLTt CD&%`84G<Ɯ1J^溤uktj5
HD7ZDF4<%>~$!P Z$wϠٺ	,Ǟ[c&^w\AR>$ @LY\)dk
c˖6onXթT;S[8Cf`H_S[P-Z%4CoT<Q qCT1tԬC|X+|M\SX1u5gȉj)'XS{}SXA9^6tz[#El)@4G^eޥG<=JJۗМT|=hJyBy+\5MmX\xѻjg0
!^r,%!6Tވ7#|L/2('g0T^<hhc4(c<dpVn-Yۄs&%ES]'f6"gg&龨Tݛ%!ӿ%!hq˱))3y~O"lniHOWLa$;F2R
TLɉSUnCPH6LXzé>JMMՎlH=ER	K~"I7!`MuY=iexԚRdͤbHE9v<P9a?WzQ3kƹ3Mg<eiVD׷.c1$C/G^4g-Aѽg;g[	m(pǿbr.1>UPkCDG-90ViT!T)10sX%*,:)fߟ$s=K3ߎeM?rċ\hXqȂ*M2sKZFffP&	E.c]d?ML`zA͹x=YT2UBdc,)o
49J=\MR$RxwRmmZŇlf¶fhHshc\媺omcӅe;!sSيo-m~-کU<vϚ*l\\" yv>_u[Ҡ
0Ɩ ϢlCk&So̕cAAIsI9lK)sʮJzwAYf=Abu*DL)=q=/R0}+Is-LaƝ_y&ڦ	ɓ޲] !4L0@n}]D)n,Eo(RYCdR3s|sRtW3<Y@I78I䥀~kA{~W41fur@Z+1eQKA)ݔHQxْe(4J52+߁O3 )KE=qJ`JUީYh"6c({Pڱ]z6ɞl8;q n6hө|N\7ʓ>V\.H Rņdޒ/(x/w,:$zP z|LnB(V>J;h.5]D? ɤ86Aԯ;{<[?*X^bC0<mϘ˃bJY Q۳̖<<52g{jەsػ끜-ad>_ T}:-)&UMNtϻZJZ>MQᜭQΔxr;9Ҥ,ĺE,%;yuH0g">qOsdy>P`t@*t|h9'"kv͔ѩ{ߵqv2 ]&sPNx?_
k/b>͔E=J}ޝ";!):'l;-ۧny_A! f.^a.?:'Jzq!{L?hs @wg/K1|vKJ
.04"Ƿ,u/AYNGc::+p-<JaX+E>d :$nϗAgmU3ȫ0#v]ܳX*fPml?jLTswfz;Hu\)9>H	E~UjjOwG8-b+DpmNLy8p qlUnʅ߉ꩮlFYAg˽*JN;VKҶU{T
Ğm#H)|zФ1$.=ޗpca&"N ʔ);K}IzfG8io)-;isg!\C_3&.bR{xh8PX۩:ADٍ:%jBs)س"r"ۧ}1t
kXbɍyR~u?r)ncmCz5+,ls^][\
23	N!Q.qK.	b_R&S@yZCv:COK>śXn~(	[2EY2Пo|[$wBM}+`8Y`#r	K$=瘹	S7BdWvie9R*>$LG_F4ׇtC oEBǼ_mzm;޾$bVg:̜HLn=b\Aik1J>jw J:ܩrh,o]vz汩K_(O"J/iz?opLJFj4֚"%aQ٭4r) e;1{5%PmJ/ǖƇӌY
8W)ă_FYԘ*"j[3򖝏[(%^P={כ_DЩI(\_
񆞃iq,`|ջFPyG%QC#mvxY>K,3W0()Ű5Iz ~>䌑H幩:N$FO%mf!E:<^>g#q:[d`RلF&Yxw-Ł#I8
F3wU(2z)m"
~=΁5wVt^>[ 9!A0PehM[c5女E@z@vN>k68MT,v֝O"ߗ_HSR.Etcé&`$`S!:ω0u&L$%qӖAٯ*Xm>>r4k%ɤq[>w㸐da3Q{SV eV:K+&+Z;Ts(*?\QZ5֤b|tĥIOw2pZJMR)U6n9.S}#͵|CW\/d)>_yɧ_kϽNrI8,1xa1ETY:b?rL"<ZT^7x}Lh_Dˉ
ZsDQ0YGDZbCsXAMxB۪VO##/MI1hBz̛zjV\Z31T@aD;WíiV2{f~ڡr,<[h{=m5)mUeFPUU{7edO^[D+d\S-T(zZնM;fK2	9ACTB1|Z]w>p	B>؟O c!n uVrXB_am{'|<*9	?jsAl7
&iSaG@|Kr#lŮgJ J}H:^tߖFK8t D!Uue*Cǈ"
7qV,:Jpu{{pUF>E񍲬Mwm./r@M\T×l#hI)ZҲ,:H[;ǆ"%AP|`غKӞrdZ.h_5.Kb} G2T41(I(	|g&!b1CqՆAwsc&2Ӿǎi,(/;êݙШ4W\/SYs1ߞyVOXKTEiTIM?%=oozme͵Ӓ3i$C)H[w}`IP;$r,;9DIR
~@61X#.)e׹Fq}:`풟LCspR˸%ßNzDWl_Ƃ<(xWM3O}nlpCBq> fOYWURߴtXRy"ai\;NnsjTN	*YWL]g12Au=}t׫ѡDr&4
,C݃D*- ,q);*l;[K.MaW-=+u(@?"/6ˀ#B&r[cj*Sx*;tZuo5:zgæ-xx"S2Li}:B}t!~>1cy1oavy0ܘEд.p!>xԋna11R^[.='`?l0jդA%F,!ֆK4.} d(4ųgnrQ#5Qt/o׳v6aۙd઩7f|?0ٴ𴤨UPu`X{᲌Ywڊt3ܭW: ;$Gaa$_eJU|bo"%&{jê5Pi8I q<צsSۧgszz_K*&?"DjP`8L4+]0Hqβ/		=6"Yc_o*&N_rbZc)/qS`n^%J8R	#^, >L;`ٻmm&ȥ;ƦqY0ƒ;AEUS͠GOt<iEI357k(v\ B{\Ii#VPkG}-;ro/'A^[~!9eC{\3L.C>8Sy~L4SieXkK1)r.i$d2VNȖ-@t	|{kF9_)~rbgxfJ~=L/K*9Kyˁ+u~]ezj^e$bOpGP~P<:WbAX 	,f/ +Z
7미'C }ZpUCAt 1ﷶ>WV47*giD*	1c΃ΊSfB2zXJbcapc%"41`6O|R
eЕR	sĴym,`qPg9W4\DI|P=;4\z
pR-:)gҬkV=;SWEi/hɐX#c(A]v&Q8H"{U6vdeR;.v,SС6~4&0X@v5ACLq+ҧv@N+cNl4ZlbCn\.u^R;8*$fΏle$KW#B"L[Ԍ۳8B幀[J6A/W|uofN,Y$-{iv2N[yzzDzpnK7\tarQT$K@9f$uAD߃A|A1f=S>}X>`sLz%c@*Q|N\ weemqapVF.;f';'̺Cžk$=Ǟ&/%X{UvMWN%?Nh֌!"j}buzôsPB4q*SI˪P!u"f{%b?A<OfɎ:G{W*-`|ESp,څeJ@GAv69kÕb*Cdx0;\kj:d;pAķq7ADYxpf/W=m`TΕ}uSH]!JLf.vR⾕@"4Z&SIY?;P.!K_͠^s%?%1W&ےBےVP@Y::r^P97+G6+uBzclmb9xU(B7JJM;*$hp5̃
: ȱ?72e.5J
gSVׇgi~k,2.B|+I=H2U*R؊|cWuu7Ysp^/oX㎕XhH"rR(W7$I?%o:{i員'״$|adleCbvxSۻ[(1SvVsYyHf.,rn4~eD
Rh}HUts[t<#rY_@쟾8!͈Ozy]|.L˦F&T@[U:a3'6${Gx
*m?و`ALQO}eQ2f}7#I
B
SDuj<? m/E;4"VSq򣎺<)v(m%'	ɗ07	a=do*䘓ӱ%( YAoӰ%W]/7&Ȇ'snS'dTr7LE,@\B+}rc 0Gf"%<$V:xg8	1N
B.	ˈ	t}"\WKRU8-3xU~0⢭E1Zk_0Ȍ'g9;q8@RMHVZ
E5zKIOAU-<e;}ɲ,Ucqa?e/tb/&fHwmߦM@ L<h\?&Do⌉$/|MWL}9!J$m!U\AsVS2loغYdiC(+ԁ]R]'C5@3drzFi˘hqhK;K'1j3nw1hNIoV^)u@}3Xt`V֐COrOy3mTȾw_ فf0.} +]/EswV0wUurt\i;Ȕ!,谲FB'6#sFTΒʋVioFhx@ )/~?&T!a25υ Ro:&H@<{sA	<.UBĄeqJ_Qsm\y	Y2ɍU:/$xMh]L7QR9[/h$}o6GvZT|1ĬyJg/)HPJtq@.Mm:s5RXus峆n62@Kp֬"h[-BdRPyv N"szB箔ݹY2\O9W{ì27J;$YLTt CD&%`84G<Ɯ1J^溤uktj5
HD7ZDF4<%>~$!P Z$wϠٺ	,Ǟ[c&^w\AR>$ @LY\)dk
c˖6onXթT;S[8Cf`H_S[P-Z%4CoT<Q qCT1tԬC|X+|M\SX1u5gȉj)'XS{}SXA9^6tz[#El)@4G^eޥG<=JJۗМT|=hJyBy+\5MmX\xѻjg0
!^r,%!6Tވ7#|L/2('g0T^<hhc4(c<dpVn-Yۄs&%ES]'f6"gg&龨Tݛ%!ӿ%!hq˱))3y~O"lniHOWLa$;F2R
TLɉSUnCPH6LXzé>JMMՎlH=ER	K~"I7!`MuY=iexԚRdͤbHE9v<P9a?WzQ3kƹ3Mg<eiVD׷.c1$C/G^4g-Aѽg;g[	m(pǿbr.1>UPkCDG-90ViT!T)10sX%*,:)fߟ$s=K3ߎeM?rċ\hXqȂ*M2sKZFffP&	E.c]d?ML`zA͹x=YT2UBdc,)o
49J=\MR$RxwRmmZŇlf¶fhHshc\媺omcӅe;!sSيo-m~-کU<vϚ*l\\" yv>_u[Ҡ
0Ɩ ϢlCk&So̕cAAIsI9lK)sʮJzwAYf=Abu*DL)=q=/R0}+Is-LaƝ_y&ڦ	ɓ޲] !4L0@n}]D)n,Eo(RYCdR3s|sRtW3<Y@I78I䥀~kA{~W41fur@Z+1eQKA)ݔHQxْe(4J52+߁O3 )KE=qJ`JUީYh"6c({Pڱ]z6ɞl8;q n6hө|N\7ʓ>V\.H Rņdޒ/(x/w,:$zP z|LnB(V>J;h.5]D? ɤ86Aԯ;{<[?*X^bC0<mϘ˃bJY Q۳̖<<52g{jەsػ끜-ad>_ T}:-)&UMNtϻZJZ>MQᜭQΔxr;9Ҥ,ĺE,%;yuH0g">qOsdy>P`t@*t|h9'"kv͔ѩ{ߵqv2 ]&sPNx?_
k/b>͔E=J}ޝ";!):'l;-ۧny_A! f.^a.?:'Jzq!{L?hs @wg/K1|vKJ
.04"Ƿ,u/AYNGc::+p-<JaX+E>d :$nϗAgmU3ȫ0#v]ܳX*fPml?jLTswfz;Hu\)9>H	E~UjjOwG8-b+DpmNLy8p qlUnʅ߉ꩮlFYAg˽*JN;VKҶU{T
Ğm#H)|zФ1$.=ޗpca&"N ʔ);K}IzfG8io)-;isg!\C_3&.bR{xh8PX۩:ADٍ:%jBs)س"r"ۧ}1t
kXbɍyR~u?r)ncmCz5+,ls^][\
23	N!Q.qK.	b_R&S@yZCv:COK>śXn~(	[2EY2Пo|[$wBM}+`8Y`#r	K$=瘹	S7BdWvie9R*>$LG_F4ׇtC oEBǼ_mzm;޾$bVg:̜HLn=b\Aik1J>jw J:ܩrh,o]vz汩K_(O"J/iz?opL